{
  "tree": {
    "rtt": [],
    "udp": [
      9.91
    ],
    "tcp": [
      34300.0,
      32700.000000000004,
      35400.0,
      37300.0,
      36800.0,
      37300.0,
      36900.0,
      38200.0,
      37100.0,
      37200.0,
      36300.0,
      36300.0,
      33400.0,
      32200.000000000004,
      35500.0,
      37300.0,
      36900.0,
      37500.0,
      36600.0,
      38300.0,
      37000.0,
      37300.0,
      36300.0,
      36200.0,
      36200.0,
      9.03,
      10.0,
      9.96,
      9.99,
      10.0,
      9.99,
      10.1,
      9.89,
      9.82,
      10.3
    ]
  },
  "minimal": {
    "rtt": [],
    "udp": [
      9.91
    ],
    "tcp": [
      40500.0,
      39600.0,
      32100.0,
      43200.0,
      42200.0,
      40400.0,
      39300.0,
      39500.0,
      39300.0,
      38900.0,
      39500.0,
      39500.0,
      39200.0,
      39900.0,
      31800.0,
      42900.0,
      42300.0,
      40600.0,
      39300.0,
      39400.0,
      39400.0,
      38900.0,
      39200.0,
      39400.0,
      39400.0,
      9.04,
      9.87,
      10.2,
      9.55,
      10.5,
      9.86,
      10.1,
      10.0,
      10.1,
      9.95
    ]
  },
  "linear": {
    "rtt": [],
    "udp": [
      9.91
    ],
    "tcp": [
      29000.0,
      31500.0,
      32700.000000000004,
      33400.0,
      33100.0,
      33300.0,
      32500.0,
      30800.0,
      28200.0,
      31800.0,
      31600.0,
      31600.0,
      28300.0,
      31500.0,
      32700.000000000004,
      33400.0,
      33200.0,
      33300.0,
      32500.0,
      30800.0,
      28200.0,
      31700.0,
      33100.0,
      31600.0,
      31600.0,
      9.04,
      10.0,
      9.96,
      9.99,
      10.0,
      10.0,
      10.0,
      9.97,
      10.0,
      10.0
    ]
  },
  "torus": {
    "rtt": [],
    "udp": [
      9.91
    ],
    "tcp": [
      69500.0,
      68800.0,
      69300.0,
      71100.0,
      57900.0,
      66300.0,
      67700.0,
      64000.0,
      67500.0,
      69200.0,
      67200.0,
      67200.0,
      67100.0,
      69500.0,
      68600.0,
      71800.0,
      57200.0,
      67000.0,
      67300.0,
      63900.0,
      67500.0,
      69100.0,
      69700.0,
      66900.0,
      66900.0,
      9.04,
      10.0,
      9.96,
      10.0,
      10.0,
      10.0,
      10.0,
      9.89,
      8.84,
      11.7
    ]
  },
  "full": {
    "rtt": [],
    "udp": [
      9.9
    ],
    "tcp": [
      65800.0,
      66400.0,
      58800.0,
      65099.99999999999,
      65500.0,
      60500.0,
      55600.0,
      54600.0,
      63800.0,
      67500.0,
      62400.0,
      62400.0,
      63200.0,
      66700.0,
      58600.0,
      65099.99999999999,
      65700.0,
      60500.0,
      56100.0,
      53700.0,
      63800.0,
      67600.0,
      67700.0,
      62100.0,
      62100.0,
      9.04,
      10.0,
      9.96,
      10.0,
      9.96,
      10.0,
      10.0,
      10.1,
      9.89,
      9.97
    ]
  }
}